image_name,target_id,target_class,confidence_ai_pct,confidence_final_pct,hazard_risk,shadow_evidence,review_status,relief_height_m,length_m,width_m,area_m2,latitude,longitude,local_x_m,local_y_m,bbox_x1,bbox_y1,bbox_x2,bbox_y2,degradation_tier
0001_2010.jpg,tgt-01,crab_pot,29.2,29.2,LOW,NEUTRAL,UNVERIFIED,2.13,0.4,0.4,0.16,,,7.93,37.74,225,35,257,67,PARTIAL
0001_2015.jpg,tgt-01,crab_pot,96.0,96.0,LOW,NEUTRAL,UNVERIFIED,0.95,0.65,0.95,0.62,,,5.13,-11.87,543,615,586,652,PARTIAL
0001_2015.jpg,tgt-02,crab_pot,96.0,98.0,LOW,SUPPORTING,VERIFIED_3D,4.0,0.6,0.6,0.36,,,2.54,-9.57,520,592,556,628,PARTIAL
0001_2015.jpg,tgt-03,ghost_net,96.0,96.0,MEDIUM,NEUTRAL,UNVERIFIED,3.56,0.5,0.7,0.35,,,2.44,-7.23,518,569,556,603,PARTIAL
0001_2015.jpg,tgt-04,submarine_pipeline,96.0,96.0,HIGH,NEUTRAL,UNVERIFIED,1.91,8.3,0.95,7.89,,,5.03,4.49,542,370,585,562,PARTIAL
0001_2015.jpg,tgt-05,submarine_pipeline,91.2,91.2,HIGH,NEUTRAL,UNVERIFIED,4.18,4.45,0.95,4.23,,,-5.03,2.78,439,427,482,540,PARTIAL
0001_2015.jpg,tgt-06,submarine_pipeline,89.6,89.6,HIGH,NEUTRAL,UNVERIFIED,1.93,1.25,0.55,0.69,,,4.35,43.02,539,47,574,96,PARTIAL
0001_2015.jpg,tgt-07,crab_pot,88.3,88.3,LOW,NEUTRAL,UNVERIFIED,1.22,1.0,0.8,0.8,,,4.88,26.17,542,222,582,266,PARTIAL
0001_2015.jpg,tgt-08,ghost_net,88.1,98.0,MEDIUM,SUPPORTING,VERIFIED_3D,3.72,0.5,0.95,0.47,,,-2.98,-12.01,460,618,503,652,PARTIAL
0001_2015.jpg,tgt-09,mine_cylinder,82.3,82.3,CRITICAL,NEUTRAL,UNVERIFIED,2.11,1.5,2.1,3.15,,,-34.38,30.27,127,175,193,229,PARTIAL
0001_2015.jpg,tgt-10,shipwreck,63.7,75.7,HIGH,SUPPORTING,VERIFIED_3D,0.36,1.1,1.6,1.76,,,20.51,48.14,694,0,750,42,PARTIAL
0001_2015.jpg,tgt-11,shipwreck,25.6,37.6,HIGH,SUPPORTING,VERIFIED_3D,0.27,1.1,2.65,2.92,,,28.17,-31.93,762,816,839,862,PARTIAL
0001_2015.jpg,tgt-12,shipwreck,24.9,36.9,HIGH,SUPPORTING,VERIFIED_3D,1.48,0.9,1.8,1.62,,,-36.72,-7.42,106,567,166,609,PARTIAL
0001_2015.jpg,tgt-13,shipwreck,25.6,37.6,HIGH,SUPPORTING,VERIFIED_3D,1.22,9.15,1.3,11.9,,,5.96,-40.97,548,826,598,1024,PARTIAL
0001_2015.jpg,tgt-14,mine_cylinder,15.1,15.1,CRITICAL,NEUTRAL,UNVERIFIED,0.32,0.9,1.9,1.71,,,-39.45,-34.08,77,840,139,882,PARTIAL
0003_2015.jpg,tgt-01,shipwreck,82.8,94.8,HIGH,SUPPORTING,VERIFIED_3D,1.37,9.05,2.15,19.46,,,6.69,-40.67,547,824,614,1024,PARTIAL
0003_2015.jpg,tgt-02,shipwreck,66.5,78.5,HIGH,SUPPORTING,VERIFIED_3D,0.87,1.05,0.55,0.58,,,29.64,-8.74,798,579,833,624,PARTIAL
0003_2015.jpg,tgt-03,shipwreck,56.4,68.4,HIGH,SUPPORTING,VERIFIED_3D,0.6,0.9,1.25,1.12,,,9.72,-32.23,587,821,636,863,PARTIAL
0003_2015.jpg,tgt-04,shipwreck,53.2,53.2,HIGH,NEUTRAL,UNVERIFIED,0.5,2.5,4.55,11.38,,,45.56,-2.25,921,498,1024,572,PARTIAL
0003_2015.jpg,tgt-05,shipwreck,41.4,53.4,HIGH,SUPPORTING,VERIFIED_3D,0.3,0.9,2.2,1.98,,,24.71,46.19,731,18,799,60,PARTIAL
0003_2015.jpg,tgt-06,mine_cylinder,39.9,39.9,CRITICAL,NEUTRAL,UNVERIFIED,0.6,0.55,1.2,0.66,,,-27.93,43.31,202,51,250,86,PARTIAL
0003_2015.jpg,tgt-07,mine_cylinder,30.1,30.1,CRITICAL,NEUTRAL,UNVERIFIED,0.37,1.1,2.15,2.37,,,30.42,-47.36,790,974,857,1020,PARTIAL
0003_2015.jpg,tgt-08,shipwreck,25.6,37.6,HIGH,SUPPORTING,VERIFIED_3D,0.59,1.05,1.35,1.42,,,34.52,36.18,840,119,891,164,PARTIAL
0003_2015.jpg,tgt-09,mine_cylinder,22.2,22.2,CRITICAL,NEUTRAL,UNVERIFIED,2.07,0.65,0.8,0.52,,,-8.4,-44.38,406,948,446,985,PARTIAL
0003_2015.jpg,tgt-10,shipwreck,20.3,32.3,HIGH,SUPPORTING,VERIFIED_3D,1.33,1.2,0.4,0.42,,,4.44,39.45,542,84,573,132,PARTIAL
0003_2015.jpg,tgt-11,shipwreck,25.3,37.3,HIGH,SUPPORTING,VERIFIED_3D,0.89,0.85,0.55,0.47,,,4.74,12.74,543,361,578,402,PARTIAL
0003_2015.jpg,tgt-12,shipwreck,14.9,26.9,HIGH,SUPPORTING,VERIFIED_3D,1.02,0.8,0.4,0.32,,,5.37,-8.3,551,577,583,617,PARTIAL
0003_2015.jpg,tgt-13,mine_cylinder,14.7,14.7,CRITICAL,NEUTRAL,UNVERIFIED,1.36,0.7,0.95,0.66,,,-13.82,6.35,349,428,392,466,PARTIAL
0003_2015.jpg,tgt-14,shipwreck,14.5,26.6,HIGH,SUPPORTING,VERIFIED_3D,3.1,1.15,5.2,5.98,,,27.54,45.85,730,19,858,66,PARTIAL
0003_2015.jpg,tgt-15,mine_cylinder,14.1,14.1,CRITICAL,NEUTRAL,UNVERIFIED,0.51,0.65,1.6,1.04,,,-34.47,44.78,131,35,187,72,PARTIAL
0003_2021.jpg,tgt-01,mine_cylinder,61.6,61.6,CRITICAL,NEUTRAL,UNVERIFIED,0.8,0.8,0.8,0.64,,,12.98,26.2,242,79,282,119,PARTIAL
0003_2021.jpg,tgt-02,crab_pot,41.7,41.7,LOW,NEUTRAL,UNVERIFIED,0.74,0.45,0.45,0.2,,,-30.65,-36.66,64,344,97,377,PARTIAL
0003_2021.jpg,tgt-03,mine_cylinder,37.0,37.0,CRITICAL,NEUTRAL,UNVERIFIED,2.8,0.45,0.55,0.25,,,-3.0,45.31,178,3,213,36,PARTIAL
0003_2021.jpg,tgt-04,shipwreck,21.0,33.0,HIGH,SUPPORTING,VERIFIED_3D,0.89,3.95,2.5,9.88,,,-36.3,0.36,20,155,94,258,PARTIAL
0005_2010.jpg,tgt-01,mine_cylinder,15.0,29.0,CRITICAL,SUPPORTING,VERIFIED_3D,5.55,0.4,0.4,0.16,,,-3.61,18.39,178,116,208,147,PARTIAL
0005_2021.jpg,tgt-01,submarine_pipeline,72.4,72.4,HIGH,NEUTRAL,UNVERIFIED,5.53,7.55,5.9,44.55,,,-8.89,31.85,100,0,242,163,PARTIAL
0009_2015.jpg,tgt-01,mine_cylinder,71.8,71.8,CRITICAL,NEUTRAL,UNVERIFIED,0.39,0.85,1.05,0.89,,,11.47,48.68,607,0,652,34,PARTIAL
0009_2015.jpg,tgt-02,mine_cylinder,59.8,59.8,CRITICAL,NEUTRAL,UNVERIFIED,0.24,0.85,1.7,1.44,,,-18.95,-39.89,289,900,347,941,PARTIAL
0009_2015.jpg,tgt-03,shipwreck,49.1,49.1,HIGH,NEUTRAL,UNVERIFIED,0.5,1.15,0.8,0.92,,,-49.22,8.64,0,400,28,447,PARTIAL
0009_2015.jpg,tgt-04,mine_cylinder,26.5,26.5,CRITICAL,NEUTRAL,UNVERIFIED,0.42,0.6,1.15,0.69,,,10.6,14.65,597,344,644,380,PARTIAL
0009_2015.jpg,tgt-05,mine_cylinder,26.2,26.2,CRITICAL,NEUTRAL,UNVERIFIED,1.85,0.65,0.8,0.52,,,-9.08,39.7,399,87,439,124,PARTIAL
0009_2015.jpg,tgt-06,mine_cylinder,27.1,27.1,CRITICAL,NEUTRAL,UNVERIFIED,0.32,0.95,1.25,1.19,,,-13.92,-37.26,345,872,394,915,PARTIAL
0009_2015.jpg,tgt-07,mine_cylinder,21.7,21.7,CRITICAL,NEUTRAL,UNVERIFIED,0.33,0.8,1.35,1.08,,,16.06,-19.53,651,692,702,732,PARTIAL
0009_2015.jpg,tgt-08,shipwreck,23.1,35.1,HIGH,SUPPORTING,VERIFIED_3D,0.39,1.6,3.45,5.52,,,-44.09,8.89,14,393,107,449,PARTIAL
0009_2015.jpg,tgt-09,mine_cylinder,19.6,19.6,CRITICAL,NEUTRAL,UNVERIFIED,0.68,0.65,1.35,0.88,,,13.82,21.73,628,271,679,308,PARTIAL
0009_2015.jpg,tgt-10,mine_cylinder,18.3,18.3,CRITICAL,NEUTRAL,UNVERIFIED,2.02,1.85,2.55,4.72,,,-35.5,-7.08,111,554,186,615,PARTIAL
0009_2015.jpg,tgt-11,mine_cylinder,17.5,17.5,CRITICAL,NEUTRAL,UNVERIFIED,0.99,0.75,0.6,0.45,,,11.82,30.13,615,184,651,223,PARTIAL
0009_2015.jpg,tgt-12,shipwreck,15.5,27.5,HIGH,SUPPORTING,VERIFIED_3D,0.59,0.6,0.95,0.57,,,15.87,-19.43,653,693,696,729,PARTIAL
0011_2021.jpg,tgt-01,shipwreck,34.6,46.6,HIGH,SUPPORTING,VERIFIED_3D,7.78,17.45,7.6,132.62,,,-0.72,-8.05,117,40,293,416,PARTIAL
0011_2021.jpg,tgt-02,crab_pot,19.9,19.9,LOW,NEUTRAL,UNVERIFIED,1.63,0.5,0.5,0.25,,,-31.97,43.99,58,8,92,42,PARTIAL
0012_2010.jpg,tgt-01,submarine_pipeline,96.0,96.0,HIGH,NEUTRAL,UNVERIFIED,5.45,1.25,0.4,0.44,,,1.42,-36.38,511,860,542,909,PARTIAL
0012_2010.jpg,tgt-02,submarine_pipeline,96.0,98.0,HIGH,SUPPORTING,VERIFIED_3D,5.87,3.4,0.5,1.7,,,-1.17,-22.56,483,697,517,789,PARTIAL
0012_2010.jpg,tgt-03,submarine_pipeline,99.0,98.0,HIGH,SUPPORTING,VERIFIED_3D,5.71,1.1,0.45,0.5,,,-1.12,5.08,484,437,517,483,PARTIAL
0012_2010.jpg,tgt-04,submarine_pipeline,99.0,98.0,HIGH,SUPPORTING,VERIFIED_3D,5.66,1.05,0.45,0.47,,,-1.12,8.15,484,406,517,451,PARTIAL
0012_2010.jpg,tgt-05,submarine_pipeline,99.0,98.0,HIGH,SUPPORTING,VERIFIED_3D,5.71,4.3,0.45,1.94,,,-1.12,13.77,484,316,517,426,PARTIAL
0012_2010.jpg,tgt-06,submarine_pipeline,99.0,98.0,HIGH,SUPPORTING,VERIFIED_3D,5.9,8.35,0.5,4.17,,,-1.07,24.46,484,165,518,358,PARTIAL
0012_2010.jpg,tgt-07,submarine_pipeline,99.0,98.0,HIGH,SUPPORTING,VERIFIED_3D,5.68,1.85,0.5,0.93,,,-1.07,33.74,484,136,518,197,PARTIAL
0012_2010.jpg,tgt-08,submarine_pipeline,99.0,98.0,HIGH,SUPPORTING,VERIFIED_3D,5.74,5.25,0.5,2.62,,,-1.07,40.58,484,32,518,161,PARTIAL
0012_2010.jpg,tgt-09,submarine_pipeline,96.0,98.0,HIGH,SUPPORTING,VERIFIED_3D,5.62,1.75,0.45,0.79,,,-1.03,47.31,485,0,518,57,PARTIAL
0012_2010.jpg,tgt-10,submarine_pipeline,96.0,86.0,HIGH,ABSENT,FLAGGED_FOR_REVIEW,3.76,3.15,0.6,1.89,,,4.39,46.92,539,0,575,75,PARTIAL
0012_2010.jpg,tgt-11,mine_cylinder,18.7,18.7,CRITICAL,NEUTRAL,UNVERIFIED,3.12,0.5,0.55,0.28,,,2.49,0.0,520,495,555,529,PARTIAL
0012_2010.jpg,tgt-12,shipwreck,14.9,26.9,HIGH,SUPPORTING,VERIFIED_3D,0.21,1.0,0.55,0.55,,,-35.79,10.45,128,383,163,427,PARTIAL
0012_2010.jpg,tgt-13,shipwreck,14.8,26.8,HIGH,SUPPORTING,VERIFIED_3D,0.58,1.55,0.75,1.16,,,-36.38,12.94,120,352,159,407,PARTIAL
0015_2021.jpg,tgt-01,mine_cylinder,56.7,56.7,CRITICAL,NEUTRAL,UNVERIFIED,0.7,0.85,1.7,1.44,,,-32.69,31.85,43,55,101,96,PARTIAL
baycove_03_14_png_jpg.rf.ecb269edb9fe893f9c96ace8e2bc2e3f.jpg,tgt-01,crab_pot,96.0,96.0,LOW,NEUTRAL,UNVERIFIED,0.3,0.55,0.7,0.39,,,32.97,-49.14,512,617,550,640,PARTIAL
baycove_03_14_png_jpg.rf.ecb269edb9fe893f9c96ace8e2bc2e3f.jpg,tgt-02,crab_pot,96.0,96.0,LOW,NEUTRAL,UNVERIFIED,0.5,1.1,1.0,1.1,,,48.44,-42.81,608,571,640,617,PARTIAL
baycove_03_14_png_jpg.rf.ecb269edb9fe893f9c96ace8e2bc2e3f.jpg,tgt-03,crab_pot,96.0,96.0,LOW,NEUTRAL,UNVERIFIED,0.08,0.75,0.75,0.56,,,44.14,-26.33,583,469,622,508,PARTIAL
baycove_03_14_png_jpg.rf.ecb269edb9fe893f9c96ace8e2bc2e3f.jpg,tgt-04,crab_pot,96.0,96.0,LOW,NEUTRAL,UNVERIFIED,0.03,0.55,0.7,0.39,,,46.72,-23.98,600,456,638,491,PARTIAL
baycove_03_14_png_jpg.rf.ecb269edb9fe893f9c96ace8e2bc2e3f.jpg,tgt-05,crab_pot,96.0,96.0,LOW,NEUTRAL,UNVERIFIED,0.06,0.6,0.7,0.42,,,40.0,-17.5,557,414,595,450,PARTIAL
baycove_03_14_png_jpg.rf.ecb269edb9fe893f9c96ace8e2bc2e3f.jpg,tgt-06,crab_pot,96.0,96.0,LOW,NEUTRAL,UNVERIFIED,0.3,0.65,0.5,0.33,,,40.31,-9.3,561,361,595,398,PARTIAL
baycove_03_14_png_jpg.rf.ecb269edb9fe893f9c96ace8e2bc2e3f.jpg,tgt-07,crab_pot,96.0,96.0,LOW,NEUTRAL,UNVERIFIED,0.71,0.7,0.55,0.39,,,44.77,-8.59,589,356,624,394,PARTIAL
baycove_03_14_png_jpg.rf.ecb269edb9fe893f9c96ace8e2bc2e3f.jpg,tgt-08,ghost_net,96.0,96.0,MEDIUM,NEUTRAL,UNVERIFIED,0.83,0.8,0.55,0.44,,,35.08,-4.37,527,328,562,368,PARTIAL
baycove_03_14_png_jpg.rf.f71de09bd762d6bda89fe0612cc6d776.jpg,tgt-01,crab_pot,20.4,20.4,LOW,NEUTRAL,UNVERIFIED,1.23,1.3,1.1,1.43,,,33.59,4.53,512,266,558,316,PARTIAL
baycove_03_14_png_jpg.rf.f71de09bd762d6bda89fe0612cc6d776.jpg,tgt-02,crab_pot,16.9,16.9,LOW,NEUTRAL,UNVERIFIED,1.85,0.7,0.6,0.42,,,6.25,-29.69,342,491,378,529,PARTIAL
baycove_03_15_png_jpg.rf.2e7216d4273f3e6c11928ab24b606590.jpg,tgt-01,crab_pot,68.0,68.0,LOW,NEUTRAL,UNVERIFIED,0.5,0.8,1.0,0.8,,,-16.25,32.03,194,95,238,135,PARTIAL
baycove_03_15_png_jpg.rf.2e7216d4273f3e6c11928ab24b606590.jpg,tgt-02,crab_pot,48.5,48.5,LOW,NEUTRAL,UNVERIFIED,1.57,0.85,1.0,0.85,,,5.78,9.14,335,241,379,282,PARTIAL
baycove_03_15_png_jpg.rf.2e7216d4273f3e6c11928ab24b606590.jpg,tgt-03,crab_pot,46.7,46.7,LOW,NEUTRAL,UNVERIFIED,1.81,0.85,0.95,0.81,,,3.83,34.45,323,79,366,120,PARTIAL
baycove_03_15_png_jpg.rf.2e7216d4273f3e6c11928ab24b606590.jpg,tgt-04,crab_pot,30.2,38.2,LOW,SUPPORTING,VERIFIED_3D,1.95,1.05,1.2,1.26,,,-35.0,45.86,72,4,120,49,PARTIAL
baycove_03_15_png_jpg.rf.2e7216d4273f3e6c11928ab24b606590.jpg,tgt-05,crab_pot,27.5,35.5,LOW,SUPPORTING,VERIFIED_3D,1.84,2.3,2.75,6.32,,,-33.83,46.41,64,0,143,58,PARTIAL
baycove_03_15_png_jpg.rf.5b00ae977dc818589fc0ca0e5ca74765.jpg,tgt-01,crab_pot,64.6,64.6,LOW,NEUTRAL,UNVERIFIED,2.24,1.0,1.25,1.25,,,-2.73,3.44,278,276,327,320,PARTIAL
baycove_03_15_png_jpg.rf.5b00ae977dc818589fc0ca0e5ca74765.jpg,tgt-02,crab_pot,59.1,59.1,LOW,NEUTRAL,UNVERIFIED,0.44,0.85,0.8,0.68,,,16.25,-25.23,404,461,444,502,PARTIAL
baycove_03_15_png_jpg.rf.5b00ae977dc818589fc0ca0e5ca74765.jpg,tgt-03,crab_pot,43.1,43.1,LOW,NEUTRAL,UNVERIFIED,1.39,1.2,1.3,1.56,,,-5.94,-24.53,257,453,307,501,PARTIAL
baycove_03_15_png_jpg.rf.5b00ae977dc818589fc0ca0e5ca74765.jpg,tgt-04,crab_pot,15.3,15.3,LOW,NEUTRAL,UNVERIFIED,0.6,1.5,1.1,1.65,,,17.34,-27.5,408,469,454,523,PARTIAL
baycove_03_15_png_jpg.rf.86db284df93a246f0a9897e59914802c.jpg,tgt-01,crab_pot,68.3,68.3,LOW,NEUTRAL,UNVERIFIED,2.77,0.85,1.1,0.94,,,-2.66,1.02,280,293,326,334,PARTIAL
baycove_03_15_png_jpg.rf.86db284df93a246f0a9897e59914802c.jpg,tgt-02,crab_pot,48.4,48.4,LOW,NEUTRAL,UNVERIFIED,0.37,0.7,0.8,0.56,,,22.66,-22.19,445,443,485,481,PARTIAL
baycove_03_15_png_jpg.rf.86db284df93a246f0a9897e59914802c.jpg,tgt-03,crab_pot,48.0,48.0,LOW,NEUTRAL,UNVERIFIED,5.09,0.85,0.9,0.77,,,0.62,-26.95,303,472,345,513,PARTIAL
baycove_03_15_png_jpg.rf.86db284df93a246f0a9897e59914802c.jpg,tgt-04,crab_pot,34.1,34.1,LOW,NEUTRAL,UNVERIFIED,0.36,1.2,1.2,1.44,,,45.94,-37.34,590,535,638,583,PARTIAL
baycove_03_15_png_jpg.rf.86db284df93a246f0a9897e59914802c.jpg,tgt-05,crab_pot,31.5,31.5,LOW,NEUTRAL,UNVERIFIED,0.11,3.25,2.4,7.8,,,45.63,-39.77,576,530,640,619,PARTIAL
baycove_03_15_png_jpg.rf.86db284df93a246f0a9897e59914802c.jpg,tgt-06,crab_pot,23.1,23.1,LOW,NEUTRAL,UNVERIFIED,0.99,2.35,1.95,4.58,,,23.2,-23.98,437,438,500,509,PARTIAL
baycove_03_17_png_jpg.rf.5da5401f54a8a96cb1141761ad3959e2.jpg,tgt-01,crab_pot,67.2,75.2,LOW,SUPPORTING,VERIFIED_3D,0.21,0.9,1.1,0.99,,,-34.84,38.44,74,53,120,95,PARTIAL
baycove_03_17_png_jpg.rf.5da5401f54a8a96cb1141761ad3959e2.jpg,tgt-02,crab_pot,60.3,68.3,LOW,SUPPORTING,VERIFIED_3D,6.1,1.05,1.1,1.16,,,-2.97,-25.55,278,461,324,506,PARTIAL
baycove_03_17_png_jpg.rf.5da5401f54a8a96cb1141761ad3959e2.jpg,tgt-03,crab_pot,49.6,57.6,LOW,SUPPORTING,VERIFIED_3D,0.58,1.1,1.4,1.54,,,-33.75,47.19,78,0,130,41,PARTIAL
baycove_03_17_png_jpg.rf.5da5401f54a8a96cb1141761ad3959e2.jpg,tgt-04,crab_pot,45.9,45.9,LOW,NEUTRAL,UNVERIFIED,5.33,0.75,0.65,0.49,,,-0.23,-1.95,300,313,337,352,PARTIAL
baycove_03_17_png_jpg.rf.5da5401f54a8a96cb1141761ad3959e2.jpg,tgt-05,crab_pot,42.4,42.4,LOW,NEUTRAL,UNVERIFIED,4.0,0.9,1.25,1.12,,,-5.23,-32.19,262,505,311,547,PARTIAL
baycove_03_17_png_jpg.rf.5da5401f54a8a96cb1141761ad3959e2.jpg,tgt-06,crab_pot,37.4,37.4,LOW,NEUTRAL,UNVERIFIED,0.3,0.85,0.85,0.72,,,-32.27,34.77,93,77,134,118,PARTIAL
baycove_03_17_png_jpg.rf.5da5401f54a8a96cb1141761ad3959e2.jpg,tgt-07,crab_pot,31.1,31.1,LOW,NEUTRAL,UNVERIFIED,1.14,0.8,0.8,0.64,,,2.81,-1.09,318,307,358,347,PARTIAL
baycove_03_17_png_jpg.rf.600c1b3ed8ede55291f5cbcebf8f86f6.jpg,tgt-01,crab_pot,72.2,72.2,LOW,NEUTRAL,UNVERIFIED,1.11,0.85,0.95,0.81,,,26.33,-34.77,467,522,510,563,PARTIAL
baycove_03_17_png_jpg.rf.600c1b3ed8ede55291f5cbcebf8f86f6.jpg,tgt-02,crab_pot,71.6,71.6,LOW,NEUTRAL,UNVERIFIED,0.69,1.05,1.3,1.37,,,42.81,-42.27,569,568,619,613,PARTIAL
baycove_03_17_png_jpg.rf.600c1b3ed8ede55291f5cbcebf8f86f6.jpg,tgt-03,crab_pot,71.1,71.1,LOW,NEUTRAL,UNVERIFIED,0.19,0.65,0.7,0.45,,,38.75,-26.64,549,472,587,509,PARTIAL
baycove_03_17_png_jpg.rf.600c1b3ed8ede55291f5cbcebf8f86f6.jpg,tgt-04,crab_pot,66.6,66.6,LOW,NEUTRAL,UNVERIFIED,0.26,0.85,0.95,0.81,,,42.42,-30.7,570,496,613,537,PARTIAL
baycove_03_17_png_jpg.rf.600c1b3ed8ede55291f5cbcebf8f86f6.jpg,tgt-05,crab_pot,46.8,46.8,LOW,NEUTRAL,UNVERIFIED,2.46,0.55,0.7,0.39,,,1.41,11.02,310,232,348,267,PARTIAL
baycove_03_17_png_jpg.rf.6b3cf738452a20c7d1f97812337c410f.jpg,tgt-01,crab_pot,62.9,62.9,LOW,NEUTRAL,UNVERIFIED,0.63,1.05,1.25,1.31,,,-34.77,46.64,73,0,122,44,PARTIAL
baycove_03_17_png_jpg.rf.6b3cf738452a20c7d1f97812337c410f.jpg,tgt-02,crab_pot,56.9,56.9,LOW,NEUTRAL,UNVERIFIED,0.22,0.9,1.05,0.95,,,-33.52,34.22,83,80,128,122,PARTIAL
baycove_03_17_png_jpg.rf.6b3cf738452a20c7d1f97812337c410f.jpg,tgt-03,crab_pot,52.9,52.9,LOW,NEUTRAL,UNVERIFIED,0.79,0.8,0.9,0.72,,,-21.41,40.62,162,40,204,80,PARTIAL
baycove_03_17_png_jpg.rf.6b3cf738452a20c7d1f97812337c410f.jpg,tgt-04,crab_pot,52.3,60.3,LOW,SUPPORTING,VERIFIED_3D,1.18,0.9,1.1,0.99,,,-36.09,37.81,66,57,112,99,PARTIAL
baycove_03_17_png_jpg.rf.6b3cf738452a20c7d1f97812337c410f.jpg,tgt-05,crab_pot,47.7,47.7,LOW,NEUTRAL,UNVERIFIED,4.44,0.9,0.8,0.72,,,0.62,-0.16,304,300,344,342,PARTIAL
baycove_03_17_png_jpg.rf.6b3cf738452a20c7d1f97812337c410f.jpg,tgt-06,crab_pot,37.0,45.0,LOW,SUPPORTING,VERIFIED_3D,4.73,0.95,1.0,0.95,,,-6.25,-24.92,258,458,302,501,PARTIAL
baycove_03_17_png_jpg.rf.6b3cf738452a20c7d1f97812337c410f.jpg,tgt-07,crab_pot,35.5,35.5,LOW,NEUTRAL,UNVERIFIED,1.09,0.8,0.75,0.6,,,-2.89,-1.25,282,308,321,348,PARTIAL
baycove_03_17_png_jpg.rf.6b3cf738452a20c7d1f97812337c410f.jpg,tgt-08,crab_pot,24.9,24.9,LOW,NEUTRAL,UNVERIFIED,3.18,1.0,1.4,1.4,,,-8.75,-31.87,238,502,290,546,PARTIAL
baycove_03_17_png_jpg.rf.6b3cf738452a20c7d1f97812337c410f.jpg,tgt-09,crab_pot,19.8,19.8,LOW,NEUTRAL,UNVERIFIED,0.5,0.8,0.55,0.44,,,-49.14,37.81,0,58,23,98,PARTIAL
baycove_03_18_png_jpg.rf.5e168360c20dc6b1aab64e11dd7d9a8e.jpg,tgt-01,crab_pot,67.8,67.8,LOW,NEUTRAL,UNVERIFIED,0.7,0.85,0.95,0.81,,,-21.17,11.33,163,227,206,268,PARTIAL
baycove_03_18_png_jpg.rf.5e168360c20dc6b1aab64e11dd7d9a8e.jpg,tgt-02,crab_pot,48.9,48.9,LOW,NEUTRAL,UNVERIFIED,0.91,1.0,1.15,1.15,,,-30.23,28.91,103,113,150,157,PARTIAL
baycove_09_10_png_jpg.rf.c99b3e32f0d5c74b4363272c5f003e2c.jpg,tgt-01,crab_pot,63.8,63.8,LOW,NEUTRAL,UNVERIFIED,1.38,0.9,0.85,0.77,,,-6.64,-2.5,257,315,298,357,PARTIAL
baycove_09_10_png_jpg.rf.c99b3e32f0d5c74b4363272c5f003e2c.jpg,tgt-02,crab_pot,14.5,14.5,LOW,NEUTRAL,UNVERIFIED,4.0,1.6,1.55,2.48,,,-2.58,11.88,276,216,331,272,PARTIAL
baycove_09_11_png_jpg.rf.8b621cc1b5da15fc15020ca3ff5bdd45.jpg,tgt-01,crab_pot,22.3,22.3,LOW,NEUTRAL,UNVERIFIED,1.35,2.2,1.7,3.74,,,-10.0,-40.31,227,544,285,612,PARTIAL
baycove_09_11_png_jpg.rf.8b621cc1b5da15fc15020ca3ff5bdd45.jpg,tgt-02,crab_pot,16.9,16.9,LOW,NEUTRAL,UNVERIFIED,1.62,3.9,3.5,13.65,,,-9.84,-38.91,210,518,304,620,PARTIAL
baycove_09_11_png_jpg.rf.91d0452745cb86710f352b40f400d047.jpg,tgt-01,crab_pot,27.1,35.1,LOW,SUPPORTING,VERIFIED_3D,2.13,1.3,1.6,2.08,,,-34.84,-7.19,69,341,125,391,PARTIAL
bg_1693569415.790_x2000.jpg,tgt-01,crab_pot,96.0,96.0,LOW,NEUTRAL,UNVERIFIED,0.62,0.55,0.7,0.39,,,-39.38,-40.7,49,436,87,471,PARTIAL
bg_1693569415.790_x2000.jpg,tgt-02,crab_pot,96.0,96.0,LOW,NEUTRAL,UNVERIFIED,0.61,0.8,0.65,0.52,,,-30.08,-25.4,109,357,146,397,PARTIAL
bg_1693569415.790_x2000.jpg,tgt-03,crab_pot,96.0,96.0,LOW,NEUTRAL,UNVERIFIED,0.03,0.55,0.75,0.41,,,-47.89,-23.7,0,351,33,386,PARTIAL
bg_1693569415.790_x2000.jpg,tgt-04,submarine_pipeline,96.0,96.0,HIGH,NEUTRAL,UNVERIFIED,0.19,0.45,0.8,0.36,,,-43.91,-12.5,19,296,59,329,PARTIAL
bg_1693569415.790_x2000.jpg,tgt-05,submarine_pipeline,96.0,96.0,HIGH,NEUTRAL,UNVERIFIED,0.89,0.5,1.05,0.53,,,-31.02,11.0,99,178,144,212,PARTIAL
bg_1693569415.790_x2000.jpg,tgt-06,crab_pot,96.0,96.0,LOW,NEUTRAL,UNVERIFIED,0.5,0.8,0.7,0.56,,,-48.91,40.0,0,30,26,70,PARTIAL
bg_1693569415.790_x2000.jpg,tgt-07,ghost_net,95.6,95.6,MEDIUM,NEUTRAL,UNVERIFIED,0.54,0.55,0.95,0.52,,,-30.08,-17.3,106,319,149,354,PARTIAL
bg_1693569415.790_x2000.jpg,tgt-08,submarine_pipeline,94.8,94.8,HIGH,NEUTRAL,UNVERIFIED,0.24,1.8,0.5,0.9,,,30.0,-11.8,495,279,529,339,PARTIAL
bg_1693569422.789_x2500.jpg,tgt-01,crab_pot,96.0,96.0,LOW,NEUTRAL,UNVERIFIED,0.5,0.75,0.85,0.64,,,48.67,-33.9,611,400,640,439,PARTIAL
bg_1693569422.789_x2500.jpg,tgt-02,crab_pot,96.0,96.0,LOW,NEUTRAL,UNVERIFIED,0.5,0.65,0.45,0.29,,,49.3,-1.3,619,238,640,275,PARTIAL
bg_1693569422.789_x2500.jpg,tgt-03,ghost_net,96.0,96.0,MEDIUM,NEUTRAL,UNVERIFIED,0.24,0.55,0.8,0.44,,,45.16,10.5,589,180,629,215,PARTIAL
bg_1693569422.789_x2500.jpg,tgt-04,crab_pot,96.0,96.0,LOW,NEUTRAL,UNVERIFIED,0.47,0.65,0.75,0.49,,,27.89,26.7,479,98,518,135,PARTIAL
bg_1693569422.789_x2500.jpg,tgt-05,crab_pot,96.0,96.0,LOW,NEUTRAL,UNVERIFIED,0.69,0.5,0.65,0.33,,,43.36,32.8,579,69,616,103,PARTIAL
bg_1693569422.789_x2500.jpg,tgt-06,ghost_net,94.0,94.0,MEDIUM,NEUTRAL,UNVERIFIED,0.56,0.5,0.75,0.38,,,37.58,17.6,541,145,580,179,PARTIAL
bg_1693569422.789_x2500.jpg,tgt-07,crab_pot,93.4,93.4,LOW,NEUTRAL,UNVERIFIED,0.23,0.55,0.7,0.39,,,36.41,39.9,534,33,572,68,PARTIAL
bg_1693569422.789_x2500.jpg,tgt-08,crab_pot,93.3,93.3,LOW,NEUTRAL,UNVERIFIED,0.38,0.65,0.65,0.42,,,25.08,2.5,462,219,499,256,PARTIAL
bg_1693569510.799_x1000.jpg,tgt-01,crab_pot,87.0,87.0,LOW,NEUTRAL,UNVERIFIED,6.0,0.55,0.7,0.39,,,-2.19,0.9,287,228,325,263,PARTIAL
bg_1693569510.799_x1000.jpg,tgt-02,crab_pot,85.0,85.0,LOW,NEUTRAL,UNVERIFIED,2.04,0.6,0.6,0.36,,,18.28,-45.8,419,461,455,497,PARTIAL
bg_1693569510.799_x1000.jpg,tgt-03,crab_pot,84.8,84.8,LOW,NEUTRAL,UNVERIFIED,3.43,0.65,0.7,0.45,,,-8.75,-25.3,245,358,283,395,PARTIAL
bg_1693569510.799_x1000.jpg,tgt-04,ghost_net,84.0,84.0,MEDIUM,NEUTRAL,UNVERIFIED,1.67,0.6,1.0,0.6,,,5.94,3.6,336,214,380,250,PARTIAL
bg_1693569510.799_x1000.jpg,tgt-05,crab_pot,83.9,83.9,LOW,NEUTRAL,UNVERIFIED,0.15,0.55,0.75,0.41,,,-47.89,-44.1,0,453,33,488,PARTIAL
bg_1693569510.799_x1000.jpg,tgt-06,crab_pot,83.8,83.8,LOW,NEUTRAL,UNVERIFIED,1.31,0.6,0.75,0.45,,,21.64,-30.8,439,386,478,422,PARTIAL
bg_1693569510.799_x1000.jpg,tgt-07,crab_pot,82.7,82.7,LOW,NEUTRAL,UNVERIFIED,0.17,0.8,0.7,0.56,,,-43.12,5.6,25,202,63,242,PARTIAL
bg_1693569510.799_x1000.jpg,tgt-08,submarine_pipeline,81.7,81.7,HIGH,NEUTRAL,UNVERIFIED,0.39,0.5,0.9,0.45,,,-36.56,42.6,65,20,107,54,PARTIAL
bg_1693569512.810_x1000.jpg,tgt-01,submarine_pipeline,96.0,96.0,HIGH,NEUTRAL,UNVERIFIED,0.39,0.4,0.85,0.26,,,39.61,-49.4,553,482,594,500,PARTIAL
bg_1693569512.810_x1000.jpg,tgt-02,mine_cylinder,96.0,81.0,CRITICAL,ABSENT,FLAGGED_FOR_REVIEW,2.47,2.35,1.35,3.17,,,10.23,-45.3,360,441,411,500,PARTIAL
bg_1693569512.810_x1000.jpg,tgt-03,ghost_net,96.0,96.0,MEDIUM,NEUTRAL,UNVERIFIED,0.5,0.65,0.85,0.55,,,48.67,-39.3,611,428,640,465,PARTIAL
bg_1693569512.810_x1000.jpg,tgt-04,submarine_pipeline,96.0,96.0,HIGH,NEUTRAL,UNVERIFIED,0.8,3.6,1.55,5.58,,,-32.11,-42.8,87,416,142,500,PARTIAL
bg_1693569512.810_x1000.jpg,tgt-05,crab_pot,96.0,96.0,LOW,NEUTRAL,UNVERIFIED,0.5,0.6,0.45,0.27,,,49.3,-29.2,619,378,640,414,PARTIAL
bg_1693569512.810_x1000.jpg,tgt-06,ghost_net,96.0,96.0,MEDIUM,NEUTRAL,UNVERIFIED,0.31,0.5,0.8,0.4,,,46.88,-10.6,600,286,640,320,PARTIAL
bg_1693569512.810_x1000.jpg,tgt-07,submarine_pipeline,96.0,96.0,HIGH,NEUTRAL,UNVERIFIED,0.26,0.5,0.9,0.45,,,45.78,2.8,592,219,634,253,PARTIAL
bg_1693569512.810_x1000.jpg,tgt-08,submarine_pipeline,96.0,96.0,HIGH,NEUTRAL,UNVERIFIED,0.16,0.6,1.9,1.14,,,45.63,5.6,581,204,640,240,PARTIAL
bg_1693569545.809_x500.jpg,tgt-01,submarine_pipeline,87.9,98.0,HIGH,SUPPORTING,VERIFIED_3D,3.59,0.4,0.95,0.38,,,11.02,-49.2,369,480,412,500,PARTIAL
bg_1693569545.809_x500.jpg,tgt-02,crab_pot,87.3,87.3,LOW,NEUTRAL,UNVERIFIED,5.33,0.55,0.65,0.36,,,-3.05,-5.9,282,262,319,297,PARTIAL
bg_1693569545.809_x500.jpg,tgt-03,crab_pot,87.2,87.2,LOW,NEUTRAL,UNVERIFIED,1.97,0.7,0.55,0.39,,,17.27,-46.0,413,461,448,499,PARTIAL
bg_1693569545.809_x500.jpg,tgt-04,submarine_pipeline,86.4,86.4,HIGH,NEUTRAL,UNVERIFIED,2.16,0.5,1.0,0.5,,,-25.31,-46.2,136,464,180,498,PARTIAL
bg_1693569545.809_x500.jpg,tgt-05,crab_pot,86.4,86.4,LOW,NEUTRAL,UNVERIFIED,0.44,0.55,0.65,0.36,,,26.64,-9.7,472,281,509,316,PARTIAL
bg_1693569545.809_x500.jpg,tgt-06,crab_pot,85.7,85.7,LOW,NEUTRAL,UNVERIFIED,1.44,0.65,0.6,0.39,,,-28.44,-9.3,120,278,156,315,PARTIAL
bg_1693569545.809_x500.jpg,tgt-07,submarine_pipeline,85.0,85.0,HIGH,NEUTRAL,UNVERIFIED,0.92,0.5,0.95,0.47,,,-17.89,25.2,184,107,227,141,PARTIAL
bg_1693569545.809_x500.jpg,tgt-08,ghost_net,84.7,84.7,MEDIUM,NEUTRAL,UNVERIFIED,1.16,0.5,0.7,0.35,,,-8.28,-22.0,248,343,286,377,PARTIAL
bg_1693569561.809_x1000.jpg,tgt-01,crab_pot,88.9,88.9,LOW,NEUTRAL,UNVERIFIED,1.17,0.55,0.65,0.36,,,33.05,-29.7,513,381,550,416,PARTIAL
bg_1693569561.809_x1000.jpg,tgt-02,crab_pot,87.4,87.4,LOW,NEUTRAL,UNVERIFIED,3.82,0.65,0.7,0.45,,,7.19,-43.5,347,449,385,486,PARTIAL
bg_1693569561.809_x1000.jpg,tgt-03,crab_pot,86.6,86.6,LOW,NEUTRAL,UNVERIFIED,0.54,0.55,0.7,0.39,,,-45.62,4.5,9,210,47,245,PARTIAL
bg_1693569561.809_x1000.jpg,tgt-04,submarine_pipeline,85.2,85.2,HIGH,NEUTRAL,UNVERIFIED,0.59,0.5,1.1,0.55,,,-33.59,-45.2,82,459,128,493,PARTIAL
bg_1693569561.809_x1000.jpg,tgt-05,crab_pot,84.7,84.7,LOW,NEUTRAL,UNVERIFIED,0.43,0.6,0.7,0.42,,,-16.56,15.4,195,155,233,191,PARTIAL
bg_1693569561.809_x1000.jpg,tgt-06,ghost_net,82.7,82.7,MEDIUM,NEUTRAL,UNVERIFIED,0.46,0.55,0.85,0.47,,,38.36,-26.5,545,365,586,400,PARTIAL
bg_1693569561.809_x1000.jpg,tgt-07,crab_pot,82.0,82.0,LOW,NEUTRAL,UNVERIFIED,1.29,0.7,0.6,0.42,,,-30.94,-45.8,104,460,140,498,PARTIAL
bg_1693569561.809_x1000.jpg,tgt-08,ghost_net,81.3,81.3,MEDIUM,NEUTRAL,UNVERIFIED,1.25,0.55,0.8,0.44,,,-40.62,4.1,40,212,80,247,PARTIAL
bg_1693569664.840_x0.jpg,tgt-01,crab_pot,87.4,87.4,LOW,NEUTRAL,UNVERIFIED,0.28,0.6,0.6,0.36,,,-25.62,4.8,138,208,174,244,PARTIAL
bg_1693569664.840_x0.jpg,tgt-02,ghost_net,87.4,87.4,MEDIUM,NEUTRAL,UNVERIFIED,2.11,0.45,0.7,0.32,,,-10.0,38.1,237,43,275,76,PARTIAL
bg_1693569664.840_x0.jpg,tgt-03,ghost_net,86.5,86.5,MEDIUM,NEUTRAL,UNVERIFIED,0.7,0.5,0.7,0.35,,,36.09,-13.4,532,300,570,334,PARTIAL
bg_1693569664.840_x0.jpg,tgt-04,crab_pot,86.4,86.4,LOW,NEUTRAL,UNVERIFIED,0.48,0.5,0.65,0.33,,,-26.64,-30.4,131,385,168,419,PARTIAL
bg_1693569664.840_x0.jpg,tgt-05,crab_pot,86.3,86.3,LOW,NEUTRAL,UNVERIFIED,2.13,0.55,0.7,0.39,,,-3.44,-48.9,279,477,317,500,PARTIAL
bg_1693569664.840_x0.jpg,tgt-06,submarine_pipeline,85.8,85.8,HIGH,NEUTRAL,UNVERIFIED,2.17,0.5,1.0,0.5,,,13.44,33.0,384,68,428,102,PARTIAL
bg_1693569664.840_x0.jpg,tgt-07,submarine_pipeline,85.4,85.4,HIGH,NEUTRAL,UNVERIFIED,3.26,0.5,1.1,0.55,,,-15.0,-3.2,201,249,247,283,PARTIAL
bg_1693569664.840_x0.jpg,tgt-08,submarine_pipeline,85.3,85.3,HIGH,NEUTRAL,UNVERIFIED,0.46,0.4,0.9,0.32,,,-25.47,-49.3,136,481,178,500,PARTIAL
bg_1693569686.840_x2000.jpg,tgt-01,ghost_net,96.0,96.0,MEDIUM,NEUTRAL,UNVERIFIED,0.17,0.4,0.7,0.28,,,-42.66,-49.2,28,480,66,500,PARTIAL
bg_1693569686.840_x2000.jpg,tgt-02,crab_pot,96.0,96.0,LOW,NEUTRAL,UNVERIFIED,0.32,0.6,0.65,0.39,,,-29.45,-48.8,113,476,150,500,PARTIAL
bg_1693569686.840_x2000.jpg,tgt-03,crab_pot,96.0,96.0,LOW,NEUTRAL,UNVERIFIED,1.17,0.65,0.65,0.42,,,-27.27,-24.3,127,353,164,390,PARTIAL
bg_1693569686.840_x2000.jpg,tgt-04,submarine_pipeline,96.0,96.0,HIGH,NEUTRAL,UNVERIFIED,0.5,0.8,1.55,1.24,,,-47.58,-24.4,0,352,43,392,PARTIAL
bg_1693569686.840_x2000.jpg,tgt-05,crab_pot,96.0,96.0,LOW,NEUTRAL,UNVERIFIED,0.43,0.6,0.6,0.36,,,-11.09,12.8,231,168,267,204,PARTIAL
bg_1693569686.840_x2000.jpg,tgt-06,ghost_net,96.0,96.0,MEDIUM,NEUTRAL,UNVERIFIED,0.39,0.55,0.95,0.52,,,-39.61,14.1,45,162,88,197,PARTIAL
bg_1693569686.840_x2000.jpg,tgt-07,submarine_pipeline,96.0,96.0,HIGH,NEUTRAL,UNVERIFIED,0.2,0.5,1.15,0.57,,,-42.58,43.4,24,16,71,50,PARTIAL
bg_1693569686.840_x2000.jpg,tgt-08,crab_pot,95.6,95.6,LOW,NEUTRAL,UNVERIFIED,0.78,0.6,0.6,0.36,,,-28.91,-24.4,117,354,153,390,PARTIAL
bg_1693569694.840_x0.jpg,tgt-01,crab_pot,88.3,88.3,LOW,NEUTRAL,UNVERIFIED,3.08,0.45,0.6,0.27,,,10.0,-49.1,366,479,402,500,PARTIAL
bg_1693569694.840_x0.jpg,tgt-02,submarine_pipeline,87.4,87.4,HIGH,NEUTRAL,UNVERIFIED,0.6,0.45,1.25,0.56,,,44.45,19.1,580,138,629,171,PARTIAL
bg_1693569694.840_x0.jpg,tgt-03,submarine_pipeline,87.1,87.1,HIGH,NEUTRAL,UNVERIFIED,0.03,0.45,1.1,0.5,,,48.12,-49.1,605,479,640,500,PARTIAL
bg_1693569694.840_x0.jpg,tgt-04,ghost_net,85.6,85.6,MEDIUM,NEUTRAL,UNVERIFIED,0.57,0.5,0.85,0.42,,,45.08,12.2,588,172,629,206,PARTIAL
bg_1693569694.840_x0.jpg,tgt-05,submarine_pipeline,85.6,85.6,HIGH,NEUTRAL,UNVERIFIED,0.49,0.45,1.0,0.45,,,26.56,14.3,468,162,512,195,PARTIAL
bg_1693569694.840_x0.jpg,tgt-06,crab_pot,85.4,85.4,LOW,NEUTRAL,UNVERIFIED,1.18,0.6,0.8,0.48,,,38.91,-45.6,549,460,589,496,PARTIAL
bg_1693569694.840_x0.jpg,tgt-07,ghost_net,84.8,84.8,MEDIUM,NEUTRAL,UNVERIFIED,0.44,0.5,0.75,0.38,,,32.58,-32.2,509,394,548,428,PARTIAL
bg_1693569694.840_x0.jpg,tgt-08,crab_pot,84.7,84.7,LOW,NEUTRAL,UNVERIFIED,1.17,0.6,0.8,0.48,,,12.81,-41.8,382,441,422,477,PARTIAL
bg_1693569725.849_x0.jpg,tgt-01,ghost_net,87.2,87.2,MEDIUM,NEUTRAL,UNVERIFIED,2.12,0.45,0.75,0.34,,,-16.8,-30.3,193,385,232,418,PARTIAL
bg_1693569725.849_x0.jpg,tgt-02,submarine_pipeline,86.8,86.8,HIGH,NEUTRAL,UNVERIFIED,3.68,0.45,0.85,0.38,,,-9.3,-18.7,240,327,281,360,PARTIAL
bg_1693569725.849_x0.jpg,tgt-03,crab_pot,86.3,86.3,LOW,NEUTRAL,UNVERIFIED,0.71,0.55,0.65,0.36,,,27.42,-46.9,477,467,514,500,PARTIAL
bg_1693569725.849_x0.jpg,tgt-04,submarine_pipeline,86.0,86.0,HIGH,NEUTRAL,UNVERIFIED,1.32,0.5,1.2,0.6,,,-18.91,-49.0,175,478,223,500,PARTIAL
bg_1693569725.849_x0.jpg,tgt-05,crab_pot,85.6,85.6,LOW,NEUTRAL,UNVERIFIED,1.08,0.55,0.65,0.36,,,40.23,41.7,559,24,596,59,PARTIAL
bg_1693569725.849_x0.jpg,tgt-06,crab_pot,85.5,85.5,LOW,NEUTRAL,UNVERIFIED,4.32,0.55,0.6,0.33,,,-5.31,-46.5,268,465,304,500,PARTIAL
bg_1693569725.849_x0.jpg,tgt-07,submarine_pipeline,85.5,85.5,HIGH,NEUTRAL,UNVERIFIED,0.45,0.5,1.65,0.82,,,44.77,15.2,578,157,635,191,PARTIAL
bg_1693569725.849_x0.jpg,tgt-08,ghost_net,85.5,85.5,MEDIUM,NEUTRAL,UNVERIFIED,0.73,0.5,0.85,0.42,,,-20.23,22.2,170,122,211,156,PARTIAL
bg_1693569814.869_x0.jpg,tgt-01,submarine_pipeline,87.5,87.5,HIGH,NEUTRAL,UNVERIFIED,3.72,0.4,1.1,0.33,,,7.19,-49.4,343,482,389,500,PARTIAL
bg_1693569814.869_x0.jpg,tgt-02,ghost_net,86.6,86.6,MEDIUM,NEUTRAL,UNVERIFIED,6.92,0.5,0.7,0.35,,,-0.78,-27.2,296,369,334,403,PARTIAL
bg_1693569814.869_x0.jpg,tgt-03,crab_pot,86.2,86.2,LOW,NEUTRAL,UNVERIFIED,3.56,0.5,0.65,0.33,,,-7.73,-36.2,252,414,289,448,PARTIAL
bg_1693569814.869_x0.jpg,tgt-04,submarine_pipeline,85.5,85.5,HIGH,NEUTRAL,UNVERIFIED,1.7,0.4,0.85,0.3,,,-14.92,-49.3,204,481,245,500,PARTIAL
bg_1693569814.869_x0.jpg,tgt-05,submarine_pipeline,85.5,85.5,HIGH,NEUTRAL,UNVERIFIED,0.43,0.45,0.95,0.43,,,44.3,10.3,582,182,625,215,PARTIAL
bg_1693569814.869_x0.jpg,tgt-06,ghost_net,85.4,85.4,MEDIUM,NEUTRAL,UNVERIFIED,1.56,0.55,0.9,0.5,,,-14.84,-16.3,204,314,246,349,PARTIAL
bg_1693569814.869_x0.jpg,tgt-07,crab_pot,85.3,85.3,LOW,NEUTRAL,UNVERIFIED,0.5,0.5,0.55,0.28,,,49.14,33.2,617,67,640,101,PARTIAL
bg_1693569814.869_x0.jpg,tgt-08,ghost_net,84.9,94.9,MEDIUM,SUPPORTING,VERIFIED_3D,0.39,0.5,0.85,0.42,,,46.33,12.4,596,171,637,205,PARTIAL
Contact_101_sslo_png_jpg.rf.129d97ac37fee40e19e9fdd547125845.jpg,tgt-01,crab_pot,96.0,96.0,LOW,NEUTRAL,UNVERIFIED,3.11,0.7,0.7,0.49,,,1.72,-48.91,312,614,350,640,PARTIAL
Contact_101_sslo_png_jpg.rf.129d97ac37fee40e19e9fdd547125845.jpg,tgt-02,crab_pot,96.0,96.0,LOW,NEUTRAL,UNVERIFIED,2.21,0.7,0.85,0.59,,,3.36,-47.66,321,606,362,640,PARTIAL
Contact_101_sslo_png_jpg.rf.129d97ac37fee40e19e9fdd547125845.jpg,tgt-03,ghost_net,96.0,98.0,MEDIUM,SUPPORTING,VERIFIED_3D,3.33,0.75,0.5,0.38,,,8.75,-0.08,359,301,393,340,PARTIAL
Contact_101_sslo_png_jpg.rf.129d97ac37fee40e19e9fdd547125845.jpg,tgt-04,ghost_net,96.0,98.0,MEDIUM,SUPPORTING,VERIFIED_3D,7.36,1.0,1.9,1.9,,,0.31,22.81,291,152,353,196,PARTIAL
Contact_101_sslo_png_jpg.rf.129d97ac37fee40e19e9fdd547125845.jpg,tgt-05,submarine_pipeline,96.0,96.0,HIGH,NEUTRAL,UNVERIFIED,4.74,0.5,1.0,0.5,,,-1.72,44.53,287,18,331,52,PARTIAL
Contact_101_sslo_png_jpg.rf.129d97ac37fee40e19e9fdd547125845.jpg,tgt-06,crab_pot,96.0,98.0,LOW,SUPPORTING,VERIFIED_3D,5.63,0.6,0.95,0.57,,,-3.67,49.06,275,0,318,24,PARTIAL
Contact_101_sslo_png_jpg.rf.129d97ac37fee40e19e9fdd547125845.jpg,tgt-07,crab_pot,95.2,95.2,LOW,NEUTRAL,UNVERIFIED,4.33,0.55,0.75,0.41,,,1.8,-15.86,312,404,351,439,PARTIAL
Contact_101_sslo_png_jpg.rf.129d97ac37fee40e19e9fdd547125845.jpg,tgt-08,submarine_pipeline,93.7,93.7,HIGH,NEUTRAL,UNVERIFIED,1.52,0.5,0.9,0.45,,,-5.31,38.44,265,57,307,91,PARTIAL
Contact_102_sslo_png_jpg.rf.dbbd50709d138d776c576688f3b97d0a.jpg,tgt-01,crab_pot,96.0,96.0,LOW,NEUTRAL,UNVERIFIED,0.36,0.65,0.55,0.36,,,-3.2,-40.39,282,560,317,597,PARTIAL
Contact_102_sslo_png_jpg.rf.dbbd50709d138d776c576688f3b97d0a.jpg,tgt-02,crab_pot,96.0,96.0,LOW,NEUTRAL,UNVERIFIED,8.0,0.6,0.6,0.36,,,0.0,0.78,302,297,338,333,PARTIAL
Contact_102_sslo_png_jpg.rf.dbbd50709d138d776c576688f3b97d0a.jpg,tgt-03,ghost_net,96.0,98.0,MEDIUM,SUPPORTING,VERIFIED_3D,1.78,0.55,0.85,0.47,,,3.36,21.33,321,166,362,201,PARTIAL
Contact_102_sslo_png_jpg.rf.dbbd50709d138d776c576688f3b97d0a.jpg,tgt-04,ghost_net,96.0,96.0,MEDIUM,NEUTRAL,UNVERIFIED,3.79,0.6,1.05,0.63,,,-3.05,27.66,278,125,323,161,PARTIAL
Contact_102_sslo_png_jpg.rf.dbbd50709d138d776c576688f3b97d0a.jpg,tgt-05,submarine_pipeline,96.0,98.0,HIGH,SUPPORTING,VERIFIED_3D,4.1,1.1,0.5,0.55,,,5.94,48.28,341,0,375,34,PARTIAL
Contact_102_sslo_png_jpg.rf.dbbd50709d138d776c576688f3b97d0a.jpg,tgt-06,submarine_pipeline,93.5,93.5,HIGH,NEUTRAL,UNVERIFIED,6.62,1.1,2.6,2.86,,,-1.56,4.53,272,268,348,314,PARTIAL
Contact_102_sslo_png_jpg.rf.dbbd50709d138d776c576688f3b97d0a.jpg,tgt-07,crab_pot,93.4,93.4,LOW,NEUTRAL,UNVERIFIED,6.67,0.6,0.75,0.45,,,0.55,-36.88,304,538,343,574,PARTIAL
Contact_102_sslo_png_jpg.rf.dbbd50709d138d776c576688f3b97d0a.jpg,tgt-08,submarine_pipeline,92.9,92.9,HIGH,NEUTRAL,UNVERIFIED,0.81,0.5,0.9,0.45,,,-16.72,19.69,192,177,234,211,PARTIAL
Contact_103_sslo_png_jpg.rf.53fe66a3739b5f18e390901f89cf481e.jpg,tgt-01,crab_pot,29.9,29.9,LOW,NEUTRAL,UNVERIFIED,0.59,1.8,2.6,4.68,,,17.81,6.41,396,249,472,309,PARTIAL
Contact_103_sslo_png_jpg.rf.53fe66a3739b5f18e390901f89cf481e.jpg,tgt-02,crab_pot,21.1,21.1,LOW,NEUTRAL,UNVERIFIED,1.5,0.75,0.85,0.64,,,16.33,6.17,404,261,445,300,PARTIAL
Contact_104_sslo_png_jpg.rf.22e4adfcabfab6cc53f6c4ec51d4099d.jpg,tgt-01,crab_pot,15.5,15.5,LOW,NEUTRAL,UNVERIFIED,7.53,2.1,3.0,6.3,,,1.56,4.69,288,257,372,323,PARTIAL
Contact_105_sslo_png_jpg.rf.4ef20d167e305a8cd5713496355c6f40.jpg,tgt-01,crab_pot,41.1,41.1,LOW,NEUTRAL,UNVERIFIED,2.31,1.95,2.9,5.65,,,-5.78,-12.27,242,367,324,430,PARTIAL
Contact_105_sslo_png_jpg.rf.4ef20d167e305a8cd5713496355c6f40.jpg,tgt-02,crab_pot,21.3,21.3,LOW,NEUTRAL,UNVERIFIED,0.3,0.8,1.05,0.84,,,-7.27,-12.5,251,380,296,420,PARTIAL
Contact_105_sslo_png_jpg.rf.4ef20d167e305a8cd5713496355c6f40.jpg,tgt-03,mine_cylinder,17.7,17.7,CRITICAL,NEUTRAL,UNVERIFIED,0.29,0.65,1.65,1.07,,,-24.92,-13.98,132,391,189,428,PARTIAL
Contact_106_sslo_png_jpg.rf.c31dd588a8787b9aae6720c3b27be6d0.jpg,tgt-01,crab_pot,23.8,23.8,LOW,NEUTRAL,UNVERIFIED,0.84,0.95,2.25,2.14,,,-11.95,18.52,209,180,278,223,PARTIAL
Contact_106_sslo_png_jpg.rf.c31dd588a8787b9aae6720c3b27be6d0.jpg,tgt-02,crab_pot,21.5,21.5,LOW,NEUTRAL,UNVERIFIED,0.6,0.7,1.0,0.7,,,-13.59,18.59,211,182,255,220,PARTIAL
Contact_107_sslo_png_jpg.rf.339273b6c8d402e500d5dd1ba9452fba.jpg,tgt-01,crab_pot,33.9,33.9,LOW,NEUTRAL,UNVERIFIED,6.62,1.6,2.55,4.08,,,1.48,4.84,292,261,367,317,PARTIAL
mission_01_tile_0002.png,tgt-01,shipwreck,43.7,55.7,HIGH,SUPPORTING,VERIFIED_3D,5.39,3.85,2.65,10.2,,,-11.95,-6.33,205,310,282,411,PARTIAL
mission_01_tile_0003.png,tgt-01,mine_cylinder,61.6,75.6,CRITICAL,SUPPORTING,VERIFIED_3D,6.18,2.15,2.9,6.23,,,7.34,16.02,326,184,408,251,PARTIAL
mission_01_tile_0004.png,tgt-01,ghost_net,78.8,78.8,MEDIUM,NEUTRAL,UNVERIFIED,4.9,2.7,3.15,8.51,,,-15.7,-2.81,176,299,263,377,PARTIAL
mission_02_tile_0006.png,tgt-01,mine_cylinder,74.0,59.0,CRITICAL,ABSENT,FLAGGED_FOR_REVIEW,2.98,2.5,2.7,6.75,,,-11.88,4.84,205,252,283,326,PARTIAL
mission_04_tile_0017.png,tgt-01,mine_cylinder,96.0,96.0,CRITICAL,NEUTRAL,UNVERIFIED,5.07,2.6,2.65,6.89,,,-14.3,3.12,190,262,267,338,PARTIAL
mission_04_tile_0018.png,tgt-01,mine_cylinder,96.0,98.0,CRITICAL,SUPPORTING,VERIFIED_3D,7.3,1.95,2.75,5.36,,,1.02,-4.77,287,319,366,382,PARTIAL
mission_04_tile_0019.png,tgt-01,mine_cylinder,79.5,79.5,CRITICAL,NEUTRAL,UNVERIFIED,5.0,2.35,4.05,9.52,,,-14.92,-6.17,172,324,277,395,PARTIAL
mission_04_tile_0020.png,tgt-01,mine_cylinder,51.7,65.7,CRITICAL,SUPPORTING,VERIFIED_3D,5.38,2.55,3.1,7.9,,,12.19,-16.8,355,390,441,465,PARTIAL
pipe_1693569563.809_x3000.jpg,tgt-01,submarine_pipeline,86.7,86.7,HIGH,NEUTRAL,UNVERIFIED,0.81,24.5,15.5,379.75,,,22.34,1.0,284,0,640,500,PARTIAL
pipe_1693569608.819_x1500.jpg,tgt-01,submarine_pipeline,84.1,84.1,HIGH,NEUTRAL,UNVERIFIED,7.27,24.65,12.6,310.59,,,-2.5,0.5,158,0,450,500,PARTIAL
pipe_1693569615.829_x3000.jpg,tgt-01,submarine_pipeline,88.2,88.2,HIGH,NEUTRAL,UNVERIFIED,1.16,24.95,14.1,351.79,,,23.91,0.1,310,0,636,500,PARTIAL
pipe_1693569624.829_x1500.jpg,tgt-01,submarine_pipeline,89.6,89.6,HIGH,NEUTRAL,UNVERIFIED,6.88,24.7,11.6,286.52,,,-4.06,0.4,160,0,428,500,PARTIAL
pipe_1693569637.830_x3500.jpg,tgt-01,submarine_pipeline,56.0,56.0,HIGH,NEUTRAL,UNVERIFIED,2.26,25.0,15.75,393.75,,,-18.2,0.0,21,0,386,500,PARTIAL
pipe_1693569639.830_x1500.jpg,tgt-01,submarine_pipeline,87.2,87.2,HIGH,NEUTRAL,UNVERIFIED,6.77,24.45,12.05,294.62,,,-4.45,-0.5,152,0,431,500,PARTIAL
pipe_1693569651.830_x1500.jpg,tgt-01,mine_cylinder,52.7,37.7,CRITICAL,ABSENT,FLAGGED_FOR_REVIEW,4.5,0.95,1.95,1.85,,,-2.11,19.3,275,132,338,175,PARTIAL
pipe_1693569651.830_x1500.jpg,tgt-02,mine_cylinder,46.5,46.5,CRITICAL,NEUTRAL,UNVERIFIED,2.93,1.3,1.55,2.02,,,-2.89,-10.6,274,278,329,328,PARTIAL
pipe_1693569651.830_x1500.jpg,tgt-03,submarine_pipeline,43.1,43.1,HIGH,NEUTRAL,UNVERIFIED,7.03,24.55,12.9,316.69,,,-3.44,-0.3,149,0,447,500,PARTIAL
pipe_1693569664.840_x3500.jpg,tgt-01,submarine_pipeline,82.6,82.6,HIGH,NEUTRAL,UNVERIFIED,0.5,24.95,7.4,184.63,,,-38.44,0.1,0,0,160,500,PARTIAL
Rec14_wcp_ss_port_00004_png_jpg.rf.485f358b11f790efdbfa583afcffe0dc.jpg,tgt-01,crab_pot,25.2,25.2,LOW,NEUTRAL,UNVERIFIED,0.84,1.1,0.9,0.99,,,34.84,20.31,522,167,564,213,PARTIAL
Rec14_wcp_ss_port_00004_png_jpg.rf.4a7dd09d0db308be5a8364b9c566931b.jpg,tgt-01,crab_pot,28.9,28.9,LOW,NEUTRAL,UNVERIFIED,0.28,1.1,0.9,0.99,,,34.69,20.31,521,167,563,213,PARTIAL
Rec14_wcp_ss_port_00009_png_jpg.rf.a8e161fa80aeb064f5a658aabe981a80.jpg,tgt-01,shipwreck,39.7,39.7,HIGH,NEUTRAL,UNVERIFIED,0.03,4.1,3.95,16.2,,,43.67,-43.12,548,543,640,640,PARTIAL
Rec14_wcp_ss_port_00009_png_jpg.rf.a8e161fa80aeb064f5a658aabe981a80.jpg,tgt-02,crab_pot,30.8,30.8,LOW,NEUTRAL,UNVERIFIED,0.59,1.0,0.95,0.95,,,37.11,39.06,536,48,579,92,PARTIAL
Rec14_wcp_ss_port_00009_png_jpg.rf.a8e161fa80aeb064f5a658aabe981a80.jpg,tgt-03,crab_pot,26.7,26.7,LOW,NEUTRAL,UNVERIFIED,6.86,1.85,1.75,3.24,,,2.73,10.86,308,220,367,281,PARTIAL
Rec14_wcp_ss_port_00009_png_jpg.rf.a8e161fa80aeb064f5a658aabe981a80.jpg,tgt-04,crab_pot,21.1,21.1,LOW,NEUTRAL,UNVERIFIED,0.5,0.95,0.8,0.76,,,48.75,39.14,612,48,640,91,PARTIAL
Rec14_wcp_ss_port_00009_png_jpg.rf.b87aa4f960e3b475ec5fded4dc0d17d4.jpg,tgt-01,shipwreck,45.8,45.8,HIGH,NEUTRAL,UNVERIFIED,0.03,4.55,4.05,18.43,,,43.52,-42.73,546,536,640,640,PARTIAL
Rec14_wcp_ss_port_00009_png_jpg.rf.b87aa4f960e3b475ec5fded4dc0d17d4.jpg,tgt-02,crab_pot,34.7,34.7,LOW,NEUTRAL,UNVERIFIED,0.56,0.95,0.9,0.85,,,37.19,39.14,537,48,579,91,PARTIAL
Rec14_wcp_ss_port_00009_png_jpg.rf.b87aa4f960e3b475ec5fded4dc0d17d4.jpg,tgt-03,crab_pot,19.1,19.1,LOW,NEUTRAL,UNVERIFIED,0.3,0.85,0.75,0.64,,,48.67,39.14,612,49,640,90,PARTIAL
Rec14_wcp_ss_port_00009_png_jpg.rf.b87aa4f960e3b475ec5fded4dc0d17d4.jpg,tgt-04,crab_pot,14.1,14.1,LOW,NEUTRAL,UNVERIFIED,6.91,2.0,1.95,3.9,,,2.58,11.09,305,217,368,281,PARTIAL
Rec14_wcp_ss_port_00009_png_jpg.rf.d7c4975ce6e6f07cf01d32a9033f2a15.jpg,tgt-01,shipwreck,46.0,46.0,HIGH,NEUTRAL,UNVERIFIED,0.03,4.55,4.05,18.43,,,43.52,-42.73,546,536,640,640,PARTIAL
Rec14_wcp_ss_port_00009_png_jpg.rf.d7c4975ce6e6f07cf01d32a9033f2a15.jpg,tgt-02,crab_pot,34.2,34.2,LOW,NEUTRAL,UNVERIFIED,0.56,0.95,0.9,0.85,,,37.19,39.14,537,48,579,91,PARTIAL
Rec14_wcp_ss_port_00009_png_jpg.rf.d7c4975ce6e6f07cf01d32a9033f2a15.jpg,tgt-03,crab_pot,19.6,19.6,LOW,NEUTRAL,UNVERIFIED,0.03,0.85,0.75,0.64,,,48.67,39.14,612,49,640,90,PARTIAL
Rec14_wcp_ss_port_00009_png_jpg.rf.d7c4975ce6e6f07cf01d32a9033f2a15.jpg,tgt-04,crab_pot,14.4,14.4,LOW,NEUTRAL,UNVERIFIED,6.91,2.0,2.0,4.0,,,2.5,11.09,304,217,368,281,PARTIAL
Rec14_wcp_ss_port_00010_png_jpg.rf.53ebb13a7cf1411cc92f8389338d5470.jpg,tgt-01,crab_pot,55.2,55.2,LOW,NEUTRAL,UNVERIFIED,1.68,1.3,0.85,1.1,,,-12.89,34.84,217,72,258,122,PARTIAL
Rec14_wcp_ss_port_00010_png_jpg.rf.53ebb13a7cf1411cc92f8389338d5470.jpg,tgt-02,crab_pot,53.3,53.3,LOW,NEUTRAL,UNVERIFIED,1.19,1.6,1.4,2.24,,,-26.72,-8.28,123,345,175,401,PARTIAL
Rec14_wcp_ss_port_00010_png_jpg.rf.53ebb13a7cf1411cc92f8389338d5470.jpg,tgt-03,crab_pot,36.8,36.8,LOW,NEUTRAL,UNVERIFIED,2.22,1.75,1.9,3.32,,,26.09,-8.83,456,347,518,406,PARTIAL
Rec14_wcp_ss_port_00011_png_jpg.rf.248bef1091991fdade425133597b2927.jpg,tgt-01,crab_pot,41.2,41.2,LOW,NEUTRAL,UNVERIFIED,0.23,0.8,0.6,0.48,,,-37.66,34.38,61,80,97,120,PARTIAL
Rec14_wcp_ss_port_00011_png_jpg.rf.248bef1091991fdade425133597b2927.jpg,tgt-02,crab_pot,40.6,40.6,LOW,NEUTRAL,UNVERIFIED,0.77,1.0,0.75,0.75,,,-8.67,38.12,245,54,284,98,PARTIAL
Rec14_wcp_ss_port_00011_png_jpg.rf.248bef1091991fdade425133597b2927.jpg,tgt-03,crab_pot,32.8,32.8,LOW,NEUTRAL,UNVERIFIED,2.48,3.05,2.45,7.47,,,-8.98,35.7,226,49,299,134,PARTIAL
Rec14_wcp_ss_port_00011_png_jpg.rf.248bef1091991fdade425133597b2927.jpg,tgt-04,crab_pot,31.2,31.2,LOW,NEUTRAL,UNVERIFIED,0.5,2.9,1.35,3.92,,,-47.89,31.72,0,76,39,158,PARTIAL
Rec14_wcp_ss_port_00011_png_jpg.rf.248bef1091991fdade425133597b2927.jpg,tgt-05,crab_pot,29.2,29.2,LOW,NEUTRAL,UNVERIFIED,0.03,1.05,0.75,0.79,,,-48.67,33.98,0,80,28,125,PARTIAL
Rec14_wcp_ss_port_00011_png_jpg.rf.248bef1091991fdade425133597b2927.jpg,tgt-06,crab_pot,28.7,28.7,LOW,NEUTRAL,UNVERIFIED,0.19,2.7,2.0,5.4,,,-37.81,32.03,46,76,110,154,PARTIAL
Rec14_wcp_ss_port_00011_png_jpg.rf.248bef1091991fdade425133597b2927.jpg,tgt-07,crab_pot,20.2,20.2,LOW,NEUTRAL,UNVERIFIED,4.97,2.2,1.7,3.74,,,-4.38,3.44,263,264,321,332,PARTIAL
Rec14_wcp_ss_port_00011_png_jpg.rf.4bb7317a94cdabcc589f17ea8fc5055f.jpg,tgt-01,crab_pot,40.5,40.5,LOW,NEUTRAL,UNVERIFIED,0.19,0.8,0.6,0.48,,,-37.66,34.38,61,80,97,120,PARTIAL
Rec14_wcp_ss_port_00011_png_jpg.rf.4bb7317a94cdabcc589f17ea8fc5055f.jpg,tgt-02,crab_pot,40.1,40.1,LOW,NEUTRAL,UNVERIFIED,0.89,1.0,0.75,0.75,,,-8.67,38.12,245,54,284,98,PARTIAL
Rec14_wcp_ss_port_00011_png_jpg.rf.4bb7317a94cdabcc589f17ea8fc5055f.jpg,tgt-03,crab_pot,32.3,32.3,LOW,NEUTRAL,UNVERIFIED,0.3,1.1,0.75,0.83,,,-48.67,34.06,0,79,28,125,PARTIAL
Rec14_wcp_ss_port_00011_png_jpg.rf.4bb7317a94cdabcc589f17ea8fc5055f.jpg,tgt-04,crab_pot,30.2,30.2,LOW,NEUTRAL,UNVERIFIED,0.5,2.85,1.35,3.85,,,-47.89,31.8,0,76,39,157,PARTIAL
Rec14_wcp_ss_port_00011_png_jpg.rf.4bb7317a94cdabcc589f17ea8fc5055f.jpg,tgt-05,crab_pot,28.5,28.5,LOW,NEUTRAL,UNVERIFIED,2.51,3.1,2.4,7.44,,,-8.91,35.62,227,49,299,135,PARTIAL
Rec14_wcp_ss_port_00011_png_jpg.rf.4bb7317a94cdabcc589f17ea8fc5055f.jpg,tgt-06,crab_pot,21.9,21.9,LOW,NEUTRAL,UNVERIFIED,0.47,3.05,2.15,6.56,,,-37.89,31.48,44,76,111,161,PARTIAL
Rec14_wcp_ss_port_00011_png_jpg.rf.4bb7317a94cdabcc589f17ea8fc5055f.jpg,tgt-07,crab_pot,16.7,16.7,LOW,NEUTRAL,UNVERIFIED,4.97,2.15,1.7,3.65,,,-4.38,3.52,263,264,321,331,PARTIAL
Rec14_wcp_ss_port_00022_png_jpg.rf.47fa83f07bc26e9243abd34b67217af8.jpg,tgt-01,submarine_pipeline,86.7,86.7,HIGH,NEUTRAL,UNVERIFIED,0.3,2.15,0.8,1.72,,,-39.53,37.42,47,47,87,114,PARTIAL
Rec14_wcp_ss_port_00022_png_jpg.rf.47fa83f07bc26e9243abd34b67217af8.jpg,tgt-02,crab_pot,86.3,86.3,LOW,NEUTRAL,UNVERIFIED,1.42,0.8,1.05,0.84,,,5.86,-2.81,335,318,380,358,PARTIAL
Rec14_wcp_ss_port_00022_png_jpg.rf.47fa83f07bc26e9243abd34b67217af8.jpg,tgt-03,crab_pot,84.8,84.8,LOW,NEUTRAL,UNVERIFIED,0.36,0.85,0.65,0.55,,,-43.36,6.8,24,256,61,297,PARTIAL
Rec14_wcp_ss_port_00022_png_jpg.rf.47fa83f07bc26e9243abd34b67217af8.jpg,tgt-04,crab_pot,84.2,84.2,LOW,NEUTRAL,UNVERIFIED,1.37,0.75,0.55,0.41,,,5.39,-8.67,337,356,372,395,PARTIAL
Rec14_wcp_ss_port_00022_png_jpg.rf.47fa83f07bc26e9243abd34b67217af8.jpg,tgt-05,submarine_pipeline,82.8,82.8,HIGH,NEUTRAL,UNVERIFIED,0.05,1.95,0.85,1.66,,,-46.02,43.36,5,11,46,74,PARTIAL
Rec14_wcp_ss_port_00022_png_jpg.rf.47fa83f07bc26e9243abd34b67217af8.jpg,tgt-06,submarine_pipeline,82.1,82.1,HIGH,NEUTRAL,UNVERIFIED,0.13,2.1,0.85,1.78,,,-39.14,43.28,49,10,90,76,PARTIAL
Rec14_wcp_ss_port_00022_png_jpg.rf.47fa83f07bc26e9243abd34b67217af8.jpg,tgt-07,crab_pot,81.4,89.4,LOW,SUPPORTING,VERIFIED_3D,0.2,0.85,0.7,0.59,,,-47.66,6.8,0,256,34,297,PARTIAL
Rec14_wcp_ss_port_00022_png_jpg.rf.47fa83f07bc26e9243abd34b67217af8.jpg,tgt-08,submarine_pipeline,81.2,81.2,HIGH,NEUTRAL,UNVERIFIED,0.41,1.25,0.55,0.69,,,-43.2,9.77,26,233,61,282,PARTIAL
Rec14_wcp_ss_port_00022_png_jpg.rf.82de6ab5a5773d507a60829bb898cf0e.jpg,tgt-01,ghost_net,87.5,87.5,MEDIUM,NEUTRAL,UNVERIFIED,0.24,0.8,0.55,0.44,,,-24.92,-2.03,143,313,178,353,PARTIAL
Rec14_wcp_ss_port_00022_png_jpg.rf.82de6ab5a5773d507a60829bb898cf0e.jpg,tgt-02,crab_pot,84.9,84.9,LOW,NEUTRAL,UNVERIFIED,0.3,0.75,0.85,0.64,,,-25.23,-4.77,138,331,179,370,PARTIAL
Rec14_wcp_ss_port_00022_png_jpg.rf.82de6ab5a5773d507a60829bb898cf0e.jpg,tgt-03,crab_pot,84.7,84.7,LOW,NEUTRAL,UNVERIFIED,0.37,0.65,0.6,0.39,,,35.16,-18.98,527,423,563,460,PARTIAL
Rec14_wcp_ss_port_00022_png_jpg.rf.82de6ab5a5773d507a60829bb898cf0e.jpg,tgt-04,submarine_pipeline,83.8,83.8,HIGH,NEUTRAL,UNVERIFIED,0.22,2.15,0.8,1.72,,,-39.53,37.42,47,47,87,114,PARTIAL
Rec14_wcp_ss_port_00022_png_jpg.rf.82de6ab5a5773d507a60829bb898cf0e.jpg,tgt-05,crab_pot,83.7,83.7,LOW,NEUTRAL,UNVERIFIED,1.12,0.75,1.05,0.79,,,5.86,-2.73,335,318,380,357,PARTIAL
Rec14_wcp_ss_port_00022_png_jpg.rf.82de6ab5a5773d507a60829bb898cf0e.jpg,tgt-06,submarine_pipeline,83.5,83.5,HIGH,NEUTRAL,UNVERIFIED,0.3,1.8,0.75,1.35,,,-38.98,43.44,51,12,90,72,PARTIAL
Rec14_wcp_ss_port_00022_png_jpg.rf.82de6ab5a5773d507a60829bb898cf0e.jpg,tgt-07,crab_pot,81.0,81.0,LOW,NEUTRAL,UNVERIFIED,0.11,0.65,0.7,0.45,,,-32.66,4.45,92,273,130,310,PARTIAL
Rec14_wcp_ss_port_00022_png_jpg.rf.82de6ab5a5773d507a60829bb898cf0e.jpg,tgt-08,crab_pot,80.7,80.7,LOW,NEUTRAL,UNVERIFIED,0.21,0.65,0.8,0.52,,,34.22,-16.8,519,409,559,446,PARTIAL
Rec14_wcp_ss_port_00022_png_jpg.rf.e8f7cf740f29b219d30c8fa0aaddceba.jpg,tgt-01,submarine_pipeline,87.6,87.6,HIGH,NEUTRAL,UNVERIFIED,0.3,2.15,0.8,1.72,,,-39.53,37.42,47,47,87,114,PARTIAL
Rec14_wcp_ss_port_00022_png_jpg.rf.e8f7cf740f29b219d30c8fa0aaddceba.jpg,tgt-02,crab_pot,87.2,87.2,LOW,NEUTRAL,UNVERIFIED,1.27,0.8,1.05,0.84,,,5.86,-2.81,335,318,380,358,PARTIAL
Rec14_wcp_ss_port_00022_png_jpg.rf.e8f7cf740f29b219d30c8fa0aaddceba.jpg,tgt-03,crab_pot,85.2,85.2,LOW,NEUTRAL,UNVERIFIED,0.36,0.85,0.65,0.55,,,-43.36,6.8,24,256,61,297,PARTIAL
Rec14_wcp_ss_port_00022_png_jpg.rf.e8f7cf740f29b219d30c8fa0aaddceba.jpg,tgt-04,submarine_pipeline,83.6,83.6,HIGH,NEUTRAL,UNVERIFIED,0.05,1.95,0.85,1.66,,,-46.02,43.36,5,11,46,74,PARTIAL
Rec14_wcp_ss_port_00022_png_jpg.rf.e8f7cf740f29b219d30c8fa0aaddceba.jpg,tgt-05,crab_pot,83.2,83.2,LOW,NEUTRAL,UNVERIFIED,1.37,0.75,0.55,0.41,,,5.39,-8.67,337,356,372,395,PARTIAL
Rec14_wcp_ss_port_00022_png_jpg.rf.e8f7cf740f29b219d30c8fa0aaddceba.jpg,tgt-06,submarine_pipeline,82.8,82.8,HIGH,NEUTRAL,UNVERIFIED,0.19,1.95,0.9,1.75,,,-38.91,43.36,50,11,92,74,PARTIAL
Rec14_wcp_ss_port_00022_png_jpg.rf.e8f7cf740f29b219d30c8fa0aaddceba.jpg,tgt-07,crab_pot,81.8,89.8,LOW,SUPPORTING,VERIFIED_3D,0.2,0.85,0.7,0.59,,,-47.66,6.8,0,256,34,297,PARTIAL
Rec14_wcp_ss_port_00022_png_jpg.rf.e8f7cf740f29b219d30c8fa0aaddceba.jpg,tgt-08,submarine_pipeline,81.4,81.4,HIGH,NEUTRAL,UNVERIFIED,0.16,2.15,0.9,1.94,,,-46.72,37.42,0,47,42,114,PARTIAL
Rec14_wcp_ss_port_00023_png_jpg.rf.be19cdb0272a6726a3e1f9c47014ef27.jpg,tgt-01,crab_pot,91.5,91.5,LOW,NEUTRAL,UNVERIFIED,0.58,1.1,1.2,1.32,,,16.09,17.03,399,188,447,234,PARTIAL
Rec14_wcp_ss_port_00023_png_jpg.rf.be19cdb0272a6726a3e1f9c47014ef27.jpg,tgt-02,submarine_pipeline,88.6,88.6,HIGH,NEUTRAL,UNVERIFIED,0.97,0.95,0.5,0.47,,,-15.94,-2.42,201,314,235,357,PARTIAL
Rec14_wcp_ss_port_00023_png_jpg.rf.be19cdb0272a6726a3e1f9c47014ef27.jpg,tgt-03,crab_pot,86.7,86.7,LOW,NEUTRAL,UNVERIFIED,0.05,0.6,0.6,0.36,,,-47.81,-22.5,0,446,32,482,PARTIAL
Rec14_wcp_ss_port_00023_png_jpg.rf.be19cdb0272a6726a3e1f9c47014ef27.jpg,tgt-04,crab_pot,84.3,84.3,LOW,NEUTRAL,UNVERIFIED,2.82,0.9,0.75,0.68,,,-11.95,-39.53,224,552,263,594,PARTIAL
Rec14_wcp_ss_port_00023_png_jpg.rf.be19cdb0272a6726a3e1f9c47014ef27.jpg,tgt-05,submarine_pipeline,84.2,84.2,HIGH,NEUTRAL,UNVERIFIED,0.44,0.95,0.5,0.47,,,-21.41,-30.55,166,494,200,537,PARTIAL
Rec14_wcp_ss_port_00023_png_jpg.rf.be19cdb0272a6726a3e1f9c47014ef27.jpg,tgt-06,ghost_net,84.1,84.1,MEDIUM,NEUTRAL,UNVERIFIED,0.25,0.55,0.85,0.47,,,28.98,16.95,485,194,526,229,PARTIAL
Rec14_wcp_ss_port_00023_png_jpg.rf.be19cdb0272a6726a3e1f9c47014ef27.jpg,tgt-07,crab_pot,83.7,83.7,LOW,NEUTRAL,UNVERIFIED,2.28,1.05,0.9,0.95,,,-12.19,-42.27,221,568,263,613,PARTIAL
Rec14_wcp_ss_port_00023_png_jpg.rf.be19cdb0272a6726a3e1f9c47014ef27.jpg,tgt-08,crab_pot,83.7,83.7,LOW,NEUTRAL,UNVERIFIED,0.79,0.9,0.8,0.72,,,-11.41,-37.03,227,536,267,578,PARTIAL
synth_ghost_net_00009.png,tgt-01,ghost_net,96.3,96.3,MEDIUM,NEUTRAL,UNVERIFIED,2.14,5.05,8.35,42.17,,,27.11,20.08,397,129,590,254,PARTIAL
synth_ghost_net_00010.png,tgt-01,ghost_net,96.0,96.0,MEDIUM,NEUTRAL,UNVERIFIED,0.91,6.35,4.35,27.62,,,-28.05,26.33,85,76,196,227,PARTIAL
synth_ghost_net_00011.png,tgt-01,ghost_net,96.3,96.3,MEDIUM,NEUTRAL,UNVERIFIED,1.14,5.55,4.5,24.97,,,-23.44,-14.92,113,348,227,483,PARTIAL
synth_ghost_net_00012.png,tgt-01,ghost_net,97.2,97.2,MEDIUM,NEUTRAL,UNVERIFIED,5.04,5.75,7.45,42.84,,,2.73,2.89,251,232,424,371,PARTIAL
synth_ghost_net_00013.png,tgt-01,ghost_net,94.1,94.1,MEDIUM,NEUTRAL,UNVERIFIED,4.56,6.4,6.35,40.64,,,12.58,25.47,325,81,476,233,PARTIAL
synth_ghost_net_00014.png,tgt-01,ghost_net,95.7,95.7,MEDIUM,NEUTRAL,UNVERIFIED,5.12,4.6,6.4,29.44,,,14.06,27.34,334,87,486,203,PARTIAL
synth_ghost_net_00015.png,tgt-01,ghost_net,97.2,97.2,MEDIUM,NEUTRAL,UNVERIFIED,2.53,10.1,7.65,77.27,,,14.92,-17.81,327,317,504,551,PARTIAL
synth_ghost_net_00021.png,tgt-01,ghost_net,94.9,94.9,MEDIUM,NEUTRAL,UNVERIFIED,2.0,6.35,8.05,51.12,,,-17.73,-0.08,114,245,299,396,PARTIAL
synth_ghost_net_00021.png,tgt-02,shipwreck,44.9,56.9,HIGH,SUPPORTING,VERIFIED_3D,1.01,0.75,1.2,0.9,,,-42.03,48.83,27,0,75,27,PARTIAL
synth_ghost_net_00029.png,tgt-01,ghost_net,97.6,97.6,MEDIUM,NEUTRAL,UNVERIFIED,5.8,10.9,8.15,88.84,,,-2.89,13.75,207,106,396,358,PARTIAL
synth_ghost_net_00030.png,tgt-01,ghost_net,95.5,95.5,MEDIUM,NEUTRAL,UNVERIFIED,2.69,5.3,6.85,36.3,,,22.27,-24.06,382,409,543,539,PARTIAL
synth_ghost_net_00033.png,tgt-01,ghost_net,95.8,95.8,MEDIUM,NEUTRAL,UNVERIFIED,1.22,5.35,9.5,50.82,,,22.66,10.86,355,185,575,316,PARTIAL
synth_ghost_net_00037.png,tgt-01,ghost_net,94.7,94.7,MEDIUM,NEUTRAL,UNVERIFIED,5.53,8.6,4.15,35.69,,,11.02,10.31,337,155,444,353,PARTIAL
synth_ghost_net_00046.png,tgt-01,ghost_net,95.5,95.5,MEDIUM,NEUTRAL,UNVERIFIED,5.87,5.25,4.65,24.41,,,9.14,24.77,320,97,437,226,PARTIAL
synth_ghost_net_00055.png,tgt-01,ghost_net,96.0,96.0,MEDIUM,NEUTRAL,UNVERIFIED,2.4,8.3,9.1,75.53,,,24.84,-11.09,374,295,584,487,PARTIAL
